Superorder,Order,Family,Genus,Species,Source_year,AuthorYear,DataSource,Source_observation,General_data_type,Unit,Unit_time ,Unit_spatial,Unit_gear,Unit_transformation,Unit_freeform,Model,Sampling_method_general,Sampling_method_info,Dataset_location,Dataset_repres+AE:AUentativeness_experts,Experts_for_representativeness,Coastal_province,Pelagic_province,FAO_area,Dataset_map,Latitude ,Longitude,Ocean,Datamined,Variance,PageAndFigureNumber,LineUsed,PDFPage,ActualPage,FigureName,FigureData,Comments,1900,1901,1902,1903,1904,1905,1906,1907,1908,1909,1910,1911,1912,1913,1914,1915,1916,1917,1918,1919,1920,1921,1922,1923,1924,1925,1926,1927,1928,1929,1930,1931,1932,1933,1934,1935,1936,1937,1938,1939,1940,1941,1942,1943,1944,1945,1946,1947,1948,1949,1950,1951,1952,1953,1954,1955,1956,1957,1958,1959,1960,1961,1962,1963,1964,1965,1966,1967,1968,1969,1970,1971,1972,1973,1974,1975,1976,1977,1978,1979,1980,1981,1982,1983,1984,1985,1986,1987,1988,1989,1990,1991,1992,1993,1994,1995,1996,1997,1998,1999,2000,2001,2002,2003,2004,2005,2006,2007,2008,2009,2010,2011,2012,2013,2014,2015,2016,2017,2018,2019,2020
Galeomorphii,Carcharhiniformes,Carcharhinidae,Carcharhinus,falciformis,2018,Lynch_2018,10.1093/icesjms/fsy008,fishery_independent,sCPUE,individual,NA,NA,1000hook,divided_by_mean,NA,two-stage delta-GLM,longline,pelagic,West and Cental North Atlantic,North Atlantic,IUCN Pelagic sharks and rays - Dallas Nov 2018,"5,6,12","8,26,28,31,32","21,27,31,34,41",Y,28,-73,Atlantic,Y,N,Supplementaryp11fS3,Silky Shark panel; blue line (observer),,,,,,NA,NA,NA,NA,NA,NA,NA,NA,NA,NA,NA,NA,NA,NA,NA,NA,NA,NA,NA,NA,NA,NA,NA,NA,NA,NA,NA,NA,NA,NA,NA,NA,NA,NA,NA,NA,NA,NA,NA,NA,NA,NA,NA,NA,NA,NA,NA,NA,NA,NA,NA,NA,NA,NA,NA,NA,NA,NA,NA,NA,NA,NA,NA,NA,NA,NA,NA,NA,NA,NA,NA,NA,NA,NA,NA,NA,NA,NA,NA,NA,NA,NA,NA,NA,NA,NA,NA,NA,NA,NA,NA,NA,1.884,1.550,1.181,1.507,0.736,1.520,1.038,1.095,1.099,0.940,0.574,0.617,0.627,0.925,0.872,0.802,1.201,0.771,0.867,1.224,0.723,0.553,NA,NA,NA,NA,NA,NA,NA
Galeomorphii,Carcharhiniformes,Carcharhinidae,Carcharhinus,falciformis,2018,Clarke_2018,Clarke et al. 2018 Pacific-wide Silky Shark Stock Status Assessment - Addendum WFPCF-SC14-2-18/SA-WP-08,stock_assessment,standardized_biomass,ton,NA,NA,NA,SB/SB0,NA,Stock synthesis,multiple,NA,Western and Central Pacific,South Pacific,IUCN Pelagic sharks and rays - Dallas Nov 2018,"10,11,29,31,35,38,39,40,41,43,44,53","5,7,9,14,15,22,20","61,67,71,77,81,87",Y,0,-150,Pacific,Y,Y,p8f4,bottom_left,,,,,,NA,NA,NA,NA,NA,NA,NA,NA,NA,NA,NA,NA,NA,NA,NA,NA,NA,NA,NA,NA,NA,NA,NA,NA,NA,NA,NA,NA,NA,NA,NA,NA,NA,NA,NA,NA,NA,NA,NA,NA,NA,NA,NA,NA,NA,NA,NA,NA,NA,NA,NA,NA,NA,NA,NA,NA,NA,NA,NA,NA,NA,NA,NA,NA,NA,NA,NA,NA,NA,NA,NA,NA,NA,NA,NA,NA,NA,NA,NA,NA,NA,NA,NA,NA,NA,NA,NA,NA,NA,NA,NA,NA,NA,NA,NA,0.722,0.728,0.734,0.740,0.742,0.744,0.742,0.734,0.722,0.704,0.686,0.668,0.651,0.625,0.603,0.585,0.564,0.542,0.522,0.503,0.489,0.471,NA,NA,NA,NA
Galeomorphii,Carcharhiniformes,Carcharhinidae,Carcharhinus,falciformis,2019,Lennert-Cody_2019,"Lennert-Cody, C., Aires-da-Silva, A., & Maunder, M. N. (2019). Updated stock status indicators for silky sharks in the eastern Pacific Ocean, 1994-2018.",fishery_independent,sCPUE,individual,NA,NA,set,NA,NA,zero-inflated,seine,purse-seine,central northeastern pacific,NA,NA,"11,43","7,9,15","77,87",Y,10,-110,Pacific,Y,Y,p10f2a,top panel - Large Grande,,,,,Similar as Lennert-cody 2018. Data from Lennert-cody 2018 were used by IUCN (without 1994 outlier; see Red List assessment 2018).,NA,NA,NA,NA,NA,NA,NA,NA,NA,NA,NA,NA,NA,NA,NA,NA,NA,NA,NA,NA,NA,NA,NA,NA,NA,NA,NA,NA,NA,NA,NA,NA,NA,NA,NA,NA,NA,NA,NA,NA,NA,NA,NA,NA,NA,NA,NA,NA,NA,NA,NA,NA,NA,NA,NA,NA,NA,NA,NA,NA,NA,NA,NA,NA,NA,NA,NA,NA,NA,NA,NA,NA,NA,NA,NA,NA,NA,NA,NA,NA,NA,NA,NA,NA,NA,NA,NA,NA,NA,NA,NA,NA,NA,NA,4.608,1.933,2.225,2.300,1.080,0.954,0.838,0.944,0.642,0.864,0.541,0.583,0.503,0.627,0.893,0.839,1.028,0.707,0.413,0.354,0.517,0.646,0.374,0.454,0.140,NA,NA
Galeomorphii,Carcharhiniformes,Carcharhinidae,Carcharhinus,longimanus,2012,Ramos-Cartelle_2012,"Ramos-Cartelle, A., García-Cortés, B., Ortíz de Urbina, J., Fernández-Costa, J., González-González, I., & Mejuto, J. (2012). Standardized catch rates of the oceanic whitetip shark (Carcharhinus longimanus) from observations of the Spanish longline fishery targeting swordfish in the Indian Ocean during the 1998–2011 period. IOTC–2012–WPEB08–27.",fisheries,sCPUE,kg,NA,NA,1000hook,NA,kg_dressed_weight,delta_lognormal_GLMM,longline,"traditional,monofilament",South and Central Indian Ocean,Indian,IUCN Pelagic sharks and rays - Dallas Nov 2018,NA,"4,16,21","51,57",Y,-10,65,Indian,Y,Y,p15f5,black,,,,,,NA,NA,NA,NA,NA,NA,NA,NA,NA,NA,NA,NA,NA,NA,NA,NA,NA,NA,NA,NA,NA,NA,NA,NA,NA,NA,NA,NA,NA,NA,NA,NA,NA,NA,NA,NA,NA,NA,NA,NA,NA,NA,NA,NA,NA,NA,NA,NA,NA,NA,NA,NA,NA,NA,NA,NA,NA,NA,NA,NA,NA,NA,NA,NA,NA,NA,NA,NA,NA,NA,NA,NA,NA,NA,NA,NA,NA,NA,NA,NA,NA,NA,NA,NA,NA,NA,NA,NA,NA,NA,NA,NA,NA,NA,NA,NA,NA,NA,18.186,28.267,20.254,16.381,12.810,10.728,14.227,11.796,11.016,3.353,9.456,22.327,6.152,19.023,NA,NA,NA,NA,NA,NA,NA,NA,NA
Galeomorphii,Carcharhiniformes,Carcharhinidae,Carcharhinus,longimanus,2019,Tremblay-Boyer_2019,"Tremblay-Boyer, L., Carvalho, F., Neubauer, P. & Pilling, G. Stock assessment for oceanic whitetip shark in the Western and Central Pacific Ocean. Rep. WCPFC Sci. Comm. Fifteenth Regul. Sess. 12–20 August 2018 Pohnpei Fed. States Micrones. 98 (2019).",stock_assessment,standardized_biomass,NA,NA,NA,NA,Spawning Biomass/Sbmsy,Weighted mean across models,age-structured_population,multiple,seine is purse-seine,Western North and South Pacific,NA,NA,NA,"9,11,12,15,19,20,22","57,61,71,77,81",Y,0,-180,Pacific,N,Y,NA,NA,,,,,"Update of stock assessment used in by IUCN Pelagic sharks and rays - Dallas Nov 2018 (Rice, J. and Harley, S. (2012) Stock assessment of oceanic whitetip sharks in the western and central Pacific Ocean. WCPFC Scientific Committee 8th Regular Session. WCPFC-SC8-2012/SA-WP-06 Rev1, Busan, Republic of Korea, 53.)",NA,NA,NA,NA,NA,NA,NA,NA,NA,NA,NA,NA,NA,NA,NA,NA,NA,NA,NA,NA,NA,NA,NA,NA,NA,NA,NA,NA,NA,NA,NA,NA,NA,NA,NA,NA,NA,NA,NA,NA,NA,NA,NA,NA,NA,NA,NA,NA,NA,NA,NA,NA,NA,NA,NA,NA,NA,NA,NA,NA,NA,NA,NA,NA,NA,NA,NA,NA,NA,NA,NA,NA,NA,NA,NA,NA,NA,NA,NA,NA,NA,NA,NA,NA,NA,NA,NA,NA,NA,NA,NA,NA,NA,NA,NA,0.821,0.867,0.899,0.958,0.907,0.799,0.748,0.555,0.464,0.420,0.325,0.307,0.273,0.262,0.239,0.201,0.165,0.112,0.091,0.091,0.093,0.092,NA,NA,NA,NA
Galeomorphii,Carcharhiniformes,Carcharhinidae,Carcharhinus,longimanus,2013,Tolotti_2013,10.1016/j.fishres.2013.01.014,fishery_independent,sCPUE,individual,NA,quarter,1000hook,NA,NA,delta_lognormal_GLM,longline,"surface,deep",Central and southwest Atlantic,South Atlantic,IUCN Pelagic sharks and rays - Dallas Nov 2018,"13,14","8,33","34,41,47",Y,-12.5,-19,Atlantic,Y,Y,p138f3,standardized CPUE,,,,,,NA,NA,NA,NA,NA,NA,NA,NA,NA,NA,NA,NA,NA,NA,NA,NA,NA,NA,NA,NA,NA,NA,NA,NA,NA,NA,NA,NA,NA,NA,NA,NA,NA,NA,NA,NA,NA,NA,NA,NA,NA,NA,NA,NA,NA,NA,NA,NA,NA,NA,NA,NA,NA,NA,NA,NA,NA,NA,NA,NA,NA,NA,NA,NA,NA,NA,NA,NA,NA,NA,NA,NA,NA,NA,NA,NA,NA,NA,NA,NA,NA,NA,NA,NA,NA,NA,NA,NA,NA,NA,NA,NA,NA,NA,NA,NA,NA,NA,NA,NA,NA,NA,NA,NA,0.051,0.084,0.127,0.115,0.353,0.097,0.109,NA,NA,NA,NA,NA,NA,NA,NA,NA,NA
Galeomorphii,Carcharhiniformes,Carcharhinidae,Carcharhinus,longimanus,2013,Brodziak_2013,10.1139/cjfas-2013-0111,fishery_independent,sCPUE,individual,NA,NA,set,NA,NA,"zero-inflated negative
binomial GLM",longline,pelagic,North Pacific,North Pacific,IUCN Pelagic sharks and rays - Dallas Nov 2018,"37,39","9,14,15,20","67,77",Y,20,-160,Pacific,Y,N,p1730f2b,ZINB,8,1730,Brodziak_2013,Brodziak_2013.txt,,NA,NA,NA,NA,NA,NA,NA,NA,NA,NA,NA,NA,NA,NA,NA,NA,NA,NA,NA,NA,NA,NA,NA,NA,NA,NA,NA,NA,NA,NA,NA,NA,NA,NA,NA,NA,NA,NA,NA,NA,NA,NA,NA,NA,NA,NA,NA,NA,NA,NA,NA,NA,NA,NA,NA,NA,NA,NA,NA,NA,NA,NA,NA,NA,NA,NA,NA,NA,NA,NA,NA,NA,NA,NA,NA,NA,NA,NA,NA,NA,NA,NA,NA,NA,NA,NA,NA,NA,NA,NA,NA,NA,NA,NA,NA,0.551,0.499,0.541,0.565,0.544,0.325,0.380,0.212,0.167,0.184,0.112,0.071,0.071,0.035,0.059,0.062,NA,NA,NA,NA,NA,NA,NA,NA,NA,NA
Galeomorphii,Carcharhiniformes,Carcharhinidae,Carcharhinus,longimanus,2015,Rice_2015,10.13140/RG.2.1.3369.0321,fishery_independent,sCPUE,individual,NA,NA,1000hook,NA,NA,GLM,longline,NA,North Pacific,North Pacific,IUCN Pelagic sharks and rays - Dallas Nov 2018,"29,31,35,37,38,39,40,41,53,55,56","9,15,20,22","71,77,81",Y,-10,-170,Pacific,Y,Y,p88f41,blue,,,,,,NA,NA,NA,NA,NA,NA,NA,NA,NA,NA,NA,NA,NA,NA,NA,NA,NA,NA,NA,NA,NA,NA,NA,NA,NA,NA,NA,NA,NA,NA,NA,NA,NA,NA,NA,NA,NA,NA,NA,NA,NA,NA,NA,NA,NA,NA,NA,NA,NA,NA,NA,NA,NA,NA,NA,NA,NA,NA,NA,NA,NA,NA,NA,NA,NA,NA,NA,NA,NA,NA,NA,NA,NA,NA,NA,NA,NA,NA,NA,NA,NA,NA,NA,NA,NA,NA,NA,NA,NA,NA,NA,NA,NA,NA,NA,NA,-0.341,-0.440,0.365,0.276,-0.256,0.432,-0.698,-0.552,-0.786,-0.876,-1.245,-1.064,-1.343,-1.496,-1.721,-1.602,-2.063,-1.989,-3.317,NA,NA,NA,NA,NA,NA
Galeomorphii,Carcharhiniformes,Carcharhinidae,Carcharhinus,longimanus,2016,Young_2016b,"Young, C. N., J. Carlson, M. Hutchinson, C. Hutt, D. Kobayashi, C. T. McCandless, and J. Wraith. 2016. Status review report: oceanic whitetip shark (Carcharhinius longimanus). Final Report to National Marine Fisheries Service, Office of Protected Resources.",fishery_independent,sCPUE,individual,NA,NA,1000hook,NA,NA,delta lognormal GLM,longline,pelagic,Northwest Atlantic,NA,NA,"5,6,12","8, 26, 28, 31,32","21,31, 41",Y,27,-66,Atlantic,Y,Y,p39f26,NA,,,,,,NA,NA,NA,NA,NA,NA,NA,NA,NA,NA,NA,NA,NA,NA,NA,NA,NA,NA,NA,NA,NA,NA,NA,NA,NA,NA,NA,NA,NA,NA,NA,NA,NA,NA,NA,NA,NA,NA,NA,NA,NA,NA,NA,NA,NA,NA,NA,NA,NA,NA,NA,NA,NA,NA,NA,NA,NA,NA,NA,NA,NA,NA,NA,NA,NA,NA,NA,NA,NA,NA,NA,NA,NA,NA,NA,NA,NA,NA,NA,NA,NA,NA,NA,NA,NA,NA,NA,NA,NA,NA,NA,NA,1.486,1.375,1.580,1.562,1.571,1.423,1.614,1.396,0.621,0.672,0.784,0.831,0.646,1.194,1.101,0.545,0.981,1.019,0.425,0.602,0.537,0.667,0.556,0.668,NA,NA,NA,NA,NA
Galeomorphii,Carcharhiniformes,Carcharhinidae,Carcharhinus,obscurus,2018,Braccini_2018,"Braccini, M. and O'Malley, J. 2018. Temperate Demersal Gillnet and Demersal Longline Fisheries Resource Status Report 2017. In: Gaughan, D.J. and Santoro, K. (eds), Status Reports of the Fisheries and Aquatic Resources of Western Australia 2016/2017, pp. 176-181. Western Australian Department of Primary Industries and Regional Development.",fisheries,sCPUE,individual,month,NA,NA,NA,NA,GLM_binomial,"longline, gillnet",demersal,Southwest Australia,Indian,IUCN Pelagic sharks and rays - Dallas Nov 2018,"57,58","13,36",57,N,-35.5,116,Indian,Y,Y,p179f2,monthly returns,,,,,,NA,NA,NA,NA,NA,NA,NA,NA,NA,NA,NA,NA,NA,NA,NA,NA,NA,NA,NA,NA,NA,NA,NA,NA,NA,NA,NA,NA,NA,NA,NA,NA,NA,NA,NA,NA,NA,NA,NA,NA,NA,NA,NA,NA,NA,NA,NA,NA,NA,NA,NA,NA,NA,NA,NA,NA,NA,NA,NA,NA,NA,NA,NA,NA,NA,NA,NA,NA,NA,NA,NA,NA,NA,NA,NA,1.730,1.348,1.053,1.496,1.661,1.348,1.231,1.088,1.210,0.966,0.741,0.723,0.593,0.528,0.663,0.468,0.511,0.568,0.633,0.703,0.703,0.755,0.555,0.668,0.568,0.690,0.503,0.608,0.460,0.452,0.434,NA,NA,NA,NA,NA,NA,NA,NA,NA,NA,NA,NA,NA,NA,NA
Galeomorphii,Carcharhiniformes,Carcharhinidae,Carcharhinus,obscurus,2018,Braccini_2018,"Braccini, M. and O'Malley, J. 2018. Temperate Demersal Gillnet and Demersal Longline Fisheries Resource Status Report 2017. In: Gaughan, D.J. and Santoro, K. (eds), Status Reports of the Fisheries and Aquatic Resources of Western Australia 2016/2017, pp. 176-181. Western Australian Department of Primary Industries and Regional Development.",fisheries,sCPUE,individual,day,NA,NA,NA,NA,GLM_binomial,"longline, gillnet",demersal,Southwest Australia,Indian,IUCN Pelagic sharks and rays - Dallas Nov 2018,"57,58","13,36",57,N,-35.5,116,Indian,Y,Y,p179f2,dailylogbooks,,,,,,NA,NA,NA,NA,NA,NA,NA,NA,NA,NA,NA,NA,NA,NA,NA,NA,NA,NA,NA,NA,NA,NA,NA,NA,NA,NA,NA,NA,NA,NA,NA,NA,NA,NA,NA,NA,NA,NA,NA,NA,NA,NA,NA,NA,NA,NA,NA,NA,NA,NA,NA,NA,NA,NA,NA,NA,NA,NA,NA,NA,NA,NA,NA,NA,NA,NA,NA,NA,NA,NA,NA,NA,NA,NA,NA,NA,NA,NA,NA,NA,NA,NA,NA,NA,NA,NA,NA,NA,NA,NA,NA,NA,NA,NA,NA,NA,NA,NA,NA,NA,NA,NA,NA,NA,NA,NA,0.780,0.793,0.836,0.720,0.755,0.704,0.692,0.608,0.623,0.665,NA,NA,NA,NA,NA
Galeomorphii,Carcharhiniformes,Carcharhinidae,Carcharhinus,obscurus,2016,SEDAR_2016,"SEDAR. 2016. Update assessment to SEDAR 21. HMS Dusky Shark. SEDAR, North Charleston, SC, USA.",stock_assessment,standardized_biomass,kg,NA,NA,NA,B/B0,NA,surplus production model,multiple,"longline, line",Northwest Atlantic and North Gulf of Mexico,North Atlantic,IUCN Pelagic sharks and rays - Dallas Nov 2018,"5,6,12","26,28","21,31",Y,30,-80,Atlantic,N,N,p38t3.3,B/B0,,,,,similar to biomass SEDAR 2011 for this species,NA,NA,NA,NA,NA,NA,NA,NA,NA,NA,NA,NA,NA,NA,NA,NA,NA,NA,NA,NA,NA,NA,NA,NA,NA,NA,NA,NA,NA,NA,NA,NA,NA,NA,NA,NA,NA,NA,NA,NA,NA,NA,NA,NA,NA,NA,NA,NA,NA,NA,NA,NA,NA,NA,NA,NA,NA,NA,NA,NA,1.000,1.000,1.000,1.000,1.000,1.000,0.990,0.990,0.990,0.990,0.990,0.980,0.980,0.980,0.980,0.970,0.970,0.970,0.960,0.960,0.950,0.950,0.940,0.930,0.920,0.910,0.900,0.880,0.860,0.830,0.800,0.770,0.740,0.710,0.670,0.640,0.600,0.560,0.520,0.470,0.430,0.390,0.360,0.340,0.330,0.310,0.310,0.300,0.300,0.290,0.290,0.290,0.280,0.280,0.270,0.270,NA,NA,NA,NA,NA
Galeomorphii,Carcharhiniformes,Carcharhinidae,Carcharhinus,obscurus,2006,Dudley_2006,10.1071/MF05156,other,sCPUE,individual,NA,km,net,NA,NA,NA,bather_protection_net,midwater,Kwazulu-Natal coast South-Africa,Indian,IUCN Pelagic sharks and rays - Dallas Nov 2018,51,NA,51,N,-29,33,Indian,Y,N,p231f2,Carcharhinus_obscurus,7,231,Dudley_2006_DuskyShark.png,Dudley_2006_DuskyShark.txt,,NA,NA,NA,NA,NA,NA,NA,NA,NA,NA,NA,NA,NA,NA,NA,NA,NA,NA,NA,NA,NA,NA,NA,NA,NA,NA,NA,NA,NA,NA,NA,NA,NA,NA,NA,NA,NA,NA,NA,NA,NA,NA,NA,NA,NA,NA,NA,NA,NA,NA,NA,NA,NA,NA,NA,NA,NA,NA,NA,NA,NA,NA,NA,NA,NA,NA,NA,NA,NA,NA,NA,NA,NA,NA,NA,NA,NA,NA,4.495,3.680,5.627,3.730,3.728,3.184,5.781,8.270,6.805,6.479,5.177,5.120,3.331,3.546,3.760,4.083,4.081,3.862,3.751,6.024,2.826,2.770,3.310,5.636,2.764,3.736,NA,NA,NA,NA,NA,NA,NA,NA,NA,NA,NA,NA,NA,NA,NA,NA,NA
Galeomorphii,Carcharhiniformes,Carcharhinidae,Prionace,glauca,2015,Carvalho_2015,"Carvalho, F., and H. Winker. 2015. Stock assessment of south Atlantic blue shark (Prionace glauca) through 2013. International Commission for the Conservation of Atlantic Tunas Report SCRS/2015/153.",stock_assessment,standardized_biomass,1000ton,NA,NA,NA,NA,"B, base case model",surplus_production,multiple,NA,South Atlantic,South Atlantic,IUCN Pelagic sharks and rays - Dallas Nov 2018,NA,"8,33,27,33","31,34,41,47",N,-15,-15,Atlantic,Y,Y,p24f13,Biomass,,,,,,NA,NA,NA,NA,NA,NA,NA,NA,NA,NA,NA,NA,NA,NA,NA,NA,NA,NA,NA,NA,NA,NA,NA,NA,NA,NA,NA,NA,NA,NA,NA,NA,NA,NA,NA,NA,NA,NA,NA,NA,NA,NA,NA,NA,NA,NA,NA,NA,NA,NA,NA,NA,NA,NA,NA,NA,NA,NA,NA,NA,NA,NA,NA,NA,NA,NA,NA,NA,NA,NA,NA,255.093,228.607,219.680,211.358,211.558,219.245,230.806,225.829,224.109,219.330,208.445,211.962,208.595,215.937,217.313,219.848,215.482,211.777,198.830,183.065,163.620,153.847,140.786,135.984,125.403,120.491,116.860,121.181,124.894,134.664,124.182,113.971,118.029,115.259,127.196,134.315,133.901,130.391,134.065,137.773,136.738,138.522,145.427,NA,NA,NA,NA,NA,NA,NA
Galeomorphii,Carcharhiniformes,Carcharhinidae,Prionace,glauca,2017,ISC_2017,"ISC Shark Working Group. 2017. Stock Assessment and Future Projections of Blue Shark in the North Pacific Ocean Through 2015. WCPFC Scientific Committee 13th Regular Session. WCPFC-SC13-2017/SA-WP-10, Rarotonga, Cook Islands, 95.",stock_assessment,standardized_biomass,ton,NA,NA,NA,NA,female_spawning_biomass,stock_synthesis,multiple,NA,North Pacific,North Pacific,IUCN Pelagic sharks and rays - Dallas Nov 2018,NA,"9,14,15","61,71,77",Y,0,175,Pacific,Y,Y,p67f14,NA,,,,,,NA,NA,NA,NA,NA,NA,NA,NA,NA,NA,NA,NA,NA,NA,NA,NA,NA,NA,NA,NA,NA,NA,NA,NA,NA,NA,NA,NA,NA,NA,NA,NA,NA,NA,NA,NA,NA,NA,NA,NA,NA,NA,NA,NA,NA,NA,NA,NA,NA,NA,NA,NA,NA,NA,NA,NA,NA,NA,NA,NA,NA,NA,NA,NA,NA,NA,NA,NA,NA,NA,NA,310811.223,310811.223,310811.223,312688.881,315818.312,320199.515,322077.174,322077.174,321451.288,318947.743,313940.654,307681.792,301422.931,291408.752,277639.257,261366.217,246344.949,233201.340,219744.788,206601.178,201907.032,203784.691,201281.146,201907.032,207227.064,209104.723,218805.958,224125.991,231323.681,243215.518,250726.152,259488.558,278891.029,300171.158,312062.995,312688.881,318947.743,316444.198,318947.743,314566.540,307055.906,298919.386,296415.841,300797.045,308286.160,NA,NA,NA,NA,NA
Galeomorphii,Carcharhiniformes,Carcharhinidae,Prionace,glauca,2017,Rice_2017,"Rice, J. 2017. Stock Assessment of Blue Shark in the Indian Ocean using Stock Synthesis. Working Party on Ecosystems and Bycatch, Indian Ocean Tuna Commission Report: IOTC-2017-WPEB13-33.",stock_assessment,standardized_biomass,ton,NA,NA,NA,NA,NA,stock_synthesis,multiple,NA,Indian,Indian,IUCN Pelagic sharks and rays - Dallas Nov 2018,NA,"4,11,13,16,18,21,35,36,37","47,51,57,58",Y,-20,80,Indian,Y,Y,p29f11,total biomass,,,,,,NA,NA,NA,NA,NA,NA,NA,NA,NA,NA,NA,NA,NA,NA,NA,NA,NA,NA,NA,NA,NA,NA,NA,NA,NA,NA,NA,NA,NA,NA,NA,NA,NA,NA,NA,NA,NA,NA,NA,NA,NA,NA,NA,NA,NA,NA,NA,NA,NA,NA,2166879.808,2167966.030,2167979.627,2167604.421,2166700.652,2167698.782,2167697.799,2167585.193,2167577.039,2167568.500,2166872.130,2166679.846,2164854.586,2165093.015,2165230.537,2161994.837,2158711.584,2157443.574,2150497.376,2146220.818,2143575.562,2140519.036,2136777.881,2134467.085,2132915.106,2129326.507,2127568.912,2123452.162,2119550.097,2119122.431,2120697.183,2118820.445,2119935.568,2119609.402,2115744.158,2112050.215,2108400.119,2105403.387,2098629.884,2091042.681,2081165.311,2074657.463,2063103.054,2052330.589,2037776.864,2024491.535,2013789.428,2007279.813,2003533.987,2002650.403,2004641.298,2003941.833,2011303.197,2010974.738,2005127.914,1989535.457,1968917.351,1955057.910,1943556.080,1934437.300,1926880.903,1920647.219,1913452.309,1909169.197,1900139.354,1896395.043,1886655.597,NA,NA,NA,NA
Galeomorphii,Carcharhiniformes,Carcharhinidae,Prionace,glauca,2016,Takeuchi_2016,"Takeuchi, Y., L. Tremblay-Boyer, M. Pilling, and J. Hampton. 2016. Assessment of blue shark in the southwestern Pacific. WCPFC-SC-12–2016/SA-WP-8 Rev. 1. WCPFC Scientific Committee Twelfth Regular Session, 3–11 August 2016, Bali, Indonesia.",stock_assessment,standardized_biomass,ton,NA,NA,NA,NA,NA,MULTIFAN-CL,multiple,NA,Southwest Pacific Ocean,South Pacific,IUCN Pelagic sharks and rays - Dallas Nov 2018,NA,"9,20,22,34,35,36,37","57,71,77,81",Y,-25,170,Pacific,Y,N,p51f20,"left panel, SSB, red line",,,,,,NA,NA,NA,NA,NA,NA,NA,NA,NA,NA,NA,NA,NA,NA,NA,NA,NA,NA,NA,NA,NA,NA,NA,NA,NA,NA,NA,NA,NA,NA,NA,NA,NA,NA,NA,NA,NA,NA,NA,NA,NA,NA,NA,NA,NA,NA,NA,NA,NA,NA,NA,NA,NA,NA,NA,NA,NA,NA,NA,NA,NA,NA,NA,NA,NA,NA,NA,NA,NA,NA,NA,NA,NA,NA,NA,NA,NA,NA,NA,NA,NA,NA,NA,NA,NA,NA,NA,NA,NA,NA,NA,NA,NA,NA,26018.131,31975.309,30846.067,25655.097,23834.497,24088.090,26415.638,28138.248,27873.204,27694.579,30627.066,25781.893,22060.059,20498.718,24727.619,27832.945,31111.111,29290.511,26346.455,26167.949,33075.744,NA,NA,NA,NA,NA,NA
Galeomorphii,Carcharhiniformes,Carcharhinidae,Prionace,glauca,2016,ICCAT_2016,International Commission for the Conservation of Atlantic Tunas (ICCAT). Report of the 2015 Blue Shark Stock Assessment. SCRS/2015/018,stock_assessment,standardized_biomass,1000ton,NA,NA,NA,NA,SSB,Stock synthesis,multiple,NA,North Atlantic,North Atlantic,IUCN Pelagic sharks and rays - Dallas Nov 2018,NA,"25,26,28,31,32","21,27,31,34",N,30,-40,Atlantic,N,N,p35f14,run 6,,,,,,NA,NA,NA,NA,NA,NA,NA,NA,NA,NA,NA,NA,NA,NA,NA,NA,NA,NA,NA,NA,NA,NA,NA,NA,NA,NA,NA,NA,NA,NA,NA,NA,NA,NA,NA,NA,NA,NA,NA,NA,NA,NA,NA,NA,NA,NA,NA,NA,NA,NA,NA,NA,NA,NA,NA,NA,NA,NA,NA,NA,NA,NA,NA,NA,NA,NA,NA,NA,NA,NA,NA,140000.000,140850.000,140830.000,140810.000,138180.000,133810.000,134660.000,144200.000,146790.000,141550.000,133710.000,126730.000,131060.000,128430.000,117970.000,107520.000,100540.000,89213.446,79627.074,71779.826,63063.980,53478.571,45631.324,40392.764,37763.854,43829.606,50765.883,52483.822,48115.788,44616.353,41987.443,43705.382,43685.160,53228.198,62774.126,66231.190,66211.931,64451.620,60952.185,55713.625,53955.241,52194.931,59130.245,NA,NA,NA,NA,NA,NA,NA
Galeomorphii,Carcharhiniformes,Sphyrnidae,Sphyrna,lewini,unpubl,CarlsonDriggers_unpubl1,"Sphyrna lewini unpubl. data from US pelagic fisheries, compiled by John K. Carlson and W.B. Driggers",fisheries,nCPUE,individual,NA,NA,1000hook,divided_by_mean,NA,NA,longline,pelagic,"USA northwest Atlantic, Gulf of Mexico, Bahamas",North Atlantic,IUCN Pelagic sharks and rays - Dallas Nov 2018,"5,6,12","26, 28, 31","21,31",N,38.8,-79.5,Atlantic,N,N,NA,NA,,,,,,NA,NA,NA,NA,NA,NA,NA,NA,NA,NA,NA,NA,NA,NA,NA,NA,NA,NA,NA,NA,NA,NA,NA,NA,NA,NA,NA,NA,NA,NA,NA,NA,NA,NA,NA,NA,NA,NA,NA,NA,NA,NA,NA,NA,NA,NA,NA,NA,NA,NA,NA,NA,NA,NA,NA,NA,NA,NA,NA,NA,NA,NA,NA,NA,NA,NA,NA,NA,NA,NA,NA,NA,NA,NA,NA,NA,NA,NA,NA,NA,NA,NA,NA,NA,NA,NA,NA,NA,NA,NA,NA,NA,NA,NA,NA,0.088,0.055,0.064,NA,0.090,0.083,0.116,0.114,0.127,0.056,0.083,0.096,0.094,0.068,0.143,0.137,0.063,0.059,0.059,0.079,0.148,0.095,0.145,NA,NA,NA
Galeomorphii,Carcharhiniformes,Sphyrnidae,Sphyrna,lewini,unpubl,CarlsonDriggers_unpubl2,"Sphyrna lewini unpubl. data from US pelagic fisheries, compiled by John K. Carlson and W.B. Driggers",fishery_independent,sCPUE,individual,NA,NA,1000hook,NA,NA,GLM_delta,longline,bottom,"USA northwest Atlantic, Gulf of Mexico, Bahamas",North Atlantic,IUCN Pelagic sharks and rays - Dallas Nov 2018,"5,6,12","26, 28, 31","21,31",N,38.8,-79.5,Atlantic,N,N,NA,NA,,,,,,NA,NA,NA,NA,NA,NA,NA,NA,NA,NA,NA,NA,NA,NA,NA,NA,NA,NA,NA,NA,NA,NA,NA,NA,NA,NA,NA,NA,NA,NA,NA,NA,NA,NA,NA,NA,NA,NA,NA,NA,NA,NA,NA,NA,NA,NA,NA,NA,NA,NA,NA,NA,NA,NA,NA,NA,NA,NA,NA,NA,NA,NA,NA,NA,NA,NA,NA,NA,NA,NA,NA,NA,NA,NA,NA,NA,NA,NA,NA,NA,NA,NA,NA,NA,NA,NA,NA,NA,NA,NA,NA,NA,NA,NA,0.100,0.079,0.203,0.087,0.212,0.006,0.000,0.222,0.197,0.379,0.549,0.029,0.244,0.154,0.011,2.388,0.744,0.479,0.689,0.408,0.569,0.692,1.000,0.681,NA,NA,NA
Galeomorphii,Carcharhiniformes,Sphyrnidae,Sphyrna,lewini,2011,Jiao_2011,10.1890/10-0526.1,stock_assessment,standardized_abundance,individual,NA,NA,NA,NA,NA,surplus_production,multiple,NA,West Atlantic,North Atlantic,IUCN Pelagic sharks and rays - Dallas Nov 2018,"5,6,12","26, 28, 31","21,31",N,27,-68,Atlantic,Y,Y,p2702f4,"solid dark blue line; Scenario 6, model 2",,,,,,NA,NA,NA,NA,NA,NA,NA,NA,NA,NA,NA,NA,NA,NA,NA,NA,NA,NA,NA,NA,NA,NA,NA,NA,NA,NA,NA,NA,NA,NA,NA,NA,NA,NA,NA,NA,NA,NA,NA,NA,NA,NA,NA,NA,NA,NA,NA,NA,NA,NA,NA,NA,NA,NA,NA,NA,NA,NA,NA,NA,NA,NA,NA,NA,NA,NA,NA,NA,NA,NA,NA,NA,NA,NA,NA,NA,NA,NA,NA,NA,NA,112.848,118.851,86.956,78.533,80.746,49.707,51.919,51.076,49.132,49.144,39.743,39.144,35.978,20.465,19.743,15.232,18.301,18.069,19.303,22.616,21.528,22.763,20.086,17.531,19.132,NA,NA,NA,NA,NA,NA,NA,NA,NA,NA,NA,NA,NA,NA,NA
Galeomorphii,Carcharhiniformes,Sphyrnidae,Sphyrna,lewini,2011,Noriega_2011,10.1016/j.fishres.2011.06.005,other,abundance,individual,NA,NA,NA,NA,NA,NA,bather_protection_net,gillnet,"Queensland east coastline, Australia",South Pacific,IUCN Pelagic sharks and rays - Dallas Nov 2018,"33,55",NA,71,Y,-22,151,Pacific,Y,N,p474f2,S. lewini caught,,,,,,NA,NA,NA,NA,NA,NA,NA,NA,NA,NA,NA,NA,NA,NA,NA,NA,NA,NA,NA,NA,NA,NA,NA,NA,NA,NA,NA,NA,NA,NA,NA,NA,NA,NA,NA,NA,NA,NA,NA,NA,NA,NA,NA,NA,NA,NA,NA,NA,NA,NA,NA,NA,NA,NA,NA,NA,NA,NA,NA,NA,NA,NA,NA,NA,NA,NA,NA,NA,NA,NA,NA,NA,NA,NA,NA,NA,NA,NA,NA,NA,NA,NA,NA,NA,NA,NA,NA,NA,NA,NA,NA,NA,NA,NA,NA,NA,28.884,45.708,24.850,44.936,50.858,37.725,33.863,57.897,63.906,57.897,38.498,NA,NA,NA,NA,NA,NA,NA,NA,NA,NA,NA,NA,NA,NA
Galeomorphii,Carcharhiniformes,Sphyrnidae,Sphyrna,lewini,2006,Dudley_2006,10.1071/MF05156,other,sCPUE,individual,NA,km,net,NA,NA,NA,bather_protection_net,midwater,Kwazulu-Natal coast South-Africa,Indian,IUCN Pelagic sharks and rays - Dallas Nov 2018,51,NA,51,N,-29,33,Indian,Y,N,p231f2,Sphyrna_lewini,7,231,Dudley_2006_ScallopedHammerhead.png,Dudley_2006_ScallopedHammerhead.txt,,NA,NA,NA,NA,NA,NA,NA,NA,NA,NA,NA,NA,NA,NA,NA,NA,NA,NA,NA,NA,NA,NA,NA,NA,NA,NA,NA,NA,NA,NA,NA,NA,NA,NA,NA,NA,NA,NA,NA,NA,NA,NA,NA,NA,NA,NA,NA,NA,NA,NA,NA,NA,NA,NA,NA,NA,NA,NA,NA,NA,NA,NA,NA,NA,NA,NA,NA,NA,NA,NA,NA,NA,NA,NA,NA,NA,NA,NA,7.938,3.882,5.427,3.226,2.778,2.639,5.215,6.966,5.453,5.623,3.698,5.552,5.207,3.487,2.592,2.041,2.830,4.238,2.175,2.345,1.622,2.445,1.654,2.030,2.029,2.646,NA,NA,NA,NA,NA,NA,NA,NA,NA,NA,NA,NA,NA,NA,NA,NA,NA
Galeomorphii,Carcharhiniformes,Sphyrnidae,Sphyrna,"lewini,mokarran",2010,Simpfendorfer_2010,"Simpfendorfer, C. A., de Jong, S. K., & Sumpton, W. (2010). Long-term trends in large shark populations from inshore areas of the Great Barrier Reef World Heritage Area: results from the Queensland Shark Control Program. MTSRF Transition Program Project Report.",other,sCPUE,individual,NA,NA,NA,NA,NA,GLM_delta_negbin,bather_protection_net,NA,"Cairns & Townsville, Australia",South Pacific,IUCN Pelagic sharks and rays - Dallas Nov 2018,33,NA,71,N,-18,146.3,Pacific,Y,Y,p35f9,c,,,,,"Time-series represents group: Sphyrna lewini, S. mokarran. Used for S. lewini in South Pacific; IUCN Pelagic sharks and rays - Dallas Nov 2018; as the proportion of S. mokarran was weak (less than a 15%; Harry et al. 2011).",NA,NA,NA,NA,NA,NA,NA,NA,NA,NA,NA,NA,NA,NA,NA,NA,NA,NA,NA,NA,NA,NA,NA,NA,NA,NA,NA,NA,NA,NA,NA,NA,NA,NA,NA,NA,NA,NA,NA,NA,NA,NA,NA,NA,NA,NA,NA,NA,NA,NA,NA,NA,NA,NA,NA,NA,NA,NA,NA,NA,NA,NA,NA,NA,1.011,0.983,0.658,0.817,0.609,0.609,0.395,0.513,0.332,0.526,0.346,0.339,0.236,0.360,0.229,0.215,0.277,0.187,0.229,0.291,0.284,0.201,0.249,0.222,0.194,0.249,0.256,0.104,0.104,0.090,0.062,0.229,0.076,0.049,0.021,0.021,0.021,0.035,0.021,0.062,0.021,NA,NA,NA,NA,NA,NA,NA,NA,NA,NA,NA,NA,NA,NA,NA,NA
Galeomorphii,Carcharhiniformes,Sphyrnidae,Sphyrna,mokarran,2006,Dudley_2006,10.1071/MF05156,other,sCPUE,individual,NA,km,net,NA,NA,NA,bather_protection_net,midwater,Kwazulu-Natal coast South-Africa,Indian,IUCN Pelagic sharks and rays - Dallas Nov 2018,51,NA,51,N,-29,33,Indian,Y,N,p231f2,Sphyrna_mokarran,7,231,Dudley_2006_GreatHammerhead.png,Dudley_2006_GreatHammerhead.txt,,NA,NA,NA,NA,NA,NA,NA,NA,NA,NA,NA,NA,NA,NA,NA,NA,NA,NA,NA,NA,NA,NA,NA,NA,NA,NA,NA,NA,NA,NA,NA,NA,NA,NA,NA,NA,NA,NA,NA,NA,NA,NA,NA,NA,NA,NA,NA,NA,NA,NA,NA,NA,NA,NA,NA,NA,NA,NA,NA,NA,NA,NA,NA,NA,NA,NA,NA,NA,NA,NA,NA,NA,NA,NA,NA,NA,NA,NA,0.399,0.304,0.329,0.301,0.567,0.655,0.298,0.445,0.463,0.358,0.236,0.169,0.100,0.142,0.194,0.146,0.219,0.226,0.219,0.195,0.255,0.073,0.223,0.157,0.080,0.046,NA,NA,NA,NA,NA,NA,NA,NA,NA,NA,NA,NA,NA,NA,NA,NA,NA
Galeomorphii,Carcharhiniformes,Sphyrnidae,Sphyrna,mokarran,unpubl,CarlsonDriggers_unpubl3,"Sphyrna mokarran unpubl. data from US pelagic fisheries, compiled by John K. Carlson and W.B. Driggers",fisheries,nCPUE,individual,NA,NA,1000hook,divided_by_mean,NA,NA,longline,pelagic,"USA northwest Atlantic, Gulf of Mexico, Bahamas",North Atlantic,IUCN Pelagic sharks and rays - Dallas Nov 2018,"5,6,12","26, 28, 31","21,31",N,38.8,-79.5,Atlantic,N,N,NA,NA,,,,,,NA,NA,NA,NA,NA,NA,NA,NA,NA,NA,NA,NA,NA,NA,NA,NA,NA,NA,NA,NA,NA,NA,NA,NA,NA,NA,NA,NA,NA,NA,NA,NA,NA,NA,NA,NA,NA,NA,NA,NA,NA,NA,NA,NA,NA,NA,NA,NA,NA,NA,NA,NA,NA,NA,NA,NA,NA,NA,NA,NA,NA,NA,NA,NA,NA,NA,NA,NA,NA,NA,NA,NA,NA,NA,NA,NA,NA,NA,NA,NA,NA,NA,NA,NA,NA,NA,NA,NA,NA,NA,NA,NA,NA,NA,NA,0.058,0.045,0.026,NA,0.006,0.007,0.021,0.008,0.028,0.021,0.008,0.014,0.013,0.021,0.023,0.040,0.009,0.038,0.015,0.019,0.029,0.035,0.052,NA,NA,NA
Galeomorphii,Carcharhiniformes,Sphyrnidae,Sphyrna,mokarran,unpubl,CarlsonDriggers_unpubl4,"Sphyrna mokarran unpubl. data from US pelagic fisheries, compiled by John K. Carlson and W.B. Driggers",fishery_independent,sCPUE,individual,NA,NA,1000hook,NA,NA,GLM_delta,longline,bottom,"USA northwest Atlantic, Gulf of Mexico, Bahamas",North Atlantic,IUCN Pelagic sharks and rays - Dallas Nov 2018,"5,6,12","26, 28, 31","21,31",N,38.8,-79.5,Atlantic,N,N,NA,NA,,,,,,NA,NA,NA,NA,NA,NA,NA,NA,NA,NA,NA,NA,NA,NA,NA,NA,NA,NA,NA,NA,NA,NA,NA,NA,NA,NA,NA,NA,NA,NA,NA,NA,NA,NA,NA,NA,NA,NA,NA,NA,NA,NA,NA,NA,NA,NA,NA,NA,NA,NA,NA,NA,NA,NA,NA,NA,NA,NA,NA,NA,NA,NA,NA,NA,NA,NA,NA,NA,NA,NA,NA,NA,NA,NA,NA,NA,NA,NA,NA,NA,NA,NA,NA,NA,NA,NA,NA,NA,NA,NA,NA,NA,NA,NA,1.338,7.407,11.977,22.530,14.830,19.573,NA,3.069,17.375,6.795,9.940,9.070,5.373,15.520,36.710,26.840,28.463,20.606,34.183,50.835,42.380,47.937,20.636,41.139,NA,NA,NA
Galeomorphii,Carcharhiniformes,Sphyrnidae,Sphyrna,mokarran,2011,Jiao_2011,10.1890/10-0526.1,stock_assessment,standardized_abundance,individual,NA,NA,NA,NA,NA,surplus_production,multiple,NA,West Atlantic,North Atlantic,IUCN Pelagic sharks and rays - Dallas Nov 2018,"5,6,12","26, 28, 31","21,31",N,27,-68,Atlantic,Y,Y,p2702f4,"solid dark blue line; Scenario 6, model 2",,,,,,NA,NA,NA,NA,NA,NA,NA,NA,NA,NA,NA,NA,NA,NA,NA,NA,NA,NA,NA,NA,NA,NA,NA,NA,NA,NA,NA,NA,NA,NA,NA,NA,NA,NA,NA,NA,NA,NA,NA,NA,NA,NA,NA,NA,NA,NA,NA,NA,NA,NA,NA,NA,NA,NA,NA,NA,NA,NA,NA,NA,NA,NA,NA,NA,NA,NA,NA,NA,NA,NA,NA,NA,NA,NA,NA,NA,NA,NA,NA,NA,NA,218.633,236.267,232.567,152.533,119.500,119.467,112.767,117.400,121.033,128.000,133.967,120.933,120.233,124.867,129.500,135.467,145.767,150.733,155.700,154.000,155.633,158.600,169.233,178.533,186.833,NA,NA,NA,NA,NA,NA,NA,NA,NA,NA,NA,NA,NA,NA,NA
Galeomorphii,Carcharhiniformes,Sphyrnidae,Sphyrna,zygaena,2006,Dudley_2006,10.1071/MF05156,other,sCPUE,individual,NA,km,net,NA,NA,NA,bather_protection_net,midwater,Kwazulu-Natal coast South-Africa,NA,NA,51,NA,51,N,-29,33,Indian,Y,N,p231f2,Sphyrna_zygaena,7,231,Dudley_2006_SmoothHammerhead.png,Dudley_2006_SmoothHammerhead.txt,,NA,NA,NA,NA,NA,NA,NA,NA,NA,NA,NA,NA,NA,NA,NA,NA,NA,NA,NA,NA,NA,NA,NA,NA,NA,NA,NA,NA,NA,NA,NA,NA,NA,NA,NA,NA,NA,NA,NA,NA,NA,NA,NA,NA,NA,NA,NA,NA,NA,NA,NA,NA,NA,NA,NA,NA,NA,NA,NA,NA,NA,NA,NA,NA,NA,NA,NA,NA,NA,NA,NA,NA,NA,NA,NA,NA,NA,NA,0.417,0.667,6.806,0.778,0.111,1.389,0.806,1.056,0.833,0.806,0.528,0.278,1.250,1.194,0.972,1.222,3.500,4.611,0.917,0.944,1.278,0.917,1.917,2.139,2.333,5.639,NA,NA,NA,NA,NA,NA,NA,NA,NA,NA,NA,NA,NA,NA,NA,NA,NA
Galeomorphii,Carcharhiniformes,Sphyrnidae,Sphyrna,zygaena,2011,Reid_2011,10.1071/MF10162,other,nCPUE,individual,day,NA,100net,NA,NA,loess_smoothing,bather_protection_net,"net, large mesh (>50cm)",New South Wales coast Australia,South Pacific,IUCN Pelagic sharks and rays - Dallas Nov 2018,"55,56",NA,81,Y,-33.6,151.4,Pacific,Y,N,p683f5,Hammerhead,,,,,,NA,NA,NA,NA,NA,NA,NA,NA,NA,NA,NA,NA,NA,NA,NA,NA,NA,NA,NA,NA,NA,NA,NA,NA,NA,NA,NA,NA,NA,NA,NA,NA,NA,NA,NA,NA,NA,NA,NA,NA,NA,NA,NA,NA,NA,NA,NA,NA,NA,NA,0.317,0.153,0.266,0.233,0.215,0.106,0.106,0.055,0.172,0.194,0.489,0.897,1.537,2.109,1.847,1.574,1.378,1.017,0.588,1.174,1.000,1.247,3.900,3.464,2.383,2.951,2.445,1.095,1.390,1.597,0.979,1.419,1.136,1.136,0.888,0.750,0.750,0.580,0.747,0.693,1.410,1.089,1.250,1.465,0.970,1.345,0.908,0.912,1.145,0.745,0.559,0.454,0.876,0.447,0.676,0.465,0.411,0.222,0.167,0.196,NA,NA,NA,NA,NA,NA,NA,NA,NA,NA,NA
Galeomorphii,Carcharhiniformes,Sphyrnidae,Sphyrna,zygaena,2011,Jiao_2011,10.1890/10-0526.1,stock_assessment,standardized_abundance,individual,NA,NA,NA,NA,NA,surplus_production,multiple,NA,West Atlantic,North Atlantic,IUCN Pelagic sharks and rays - Dallas Nov 2018,"5,6,12","26, 28, 31","21,31",N,27,-68,Atlantic,Y,Y,p2702f4,"solid dark blue line; Scenario 6, model 2",,,,,,NA,NA,NA,NA,NA,NA,NA,NA,NA,NA,NA,NA,NA,NA,NA,NA,NA,NA,NA,NA,NA,NA,NA,NA,NA,NA,NA,NA,NA,NA,NA,NA,NA,NA,NA,NA,NA,NA,NA,NA,NA,NA,NA,NA,NA,NA,NA,NA,NA,NA,NA,NA,NA,NA,NA,NA,NA,NA,NA,NA,NA,NA,NA,NA,NA,NA,NA,NA,NA,NA,NA,NA,NA,NA,NA,NA,NA,NA,NA,NA,NA,34.591,37.392,34.968,24.892,27.856,26.509,27.963,27.802,27.371,27.748,29.203,27.532,22.414,16.056,12.554,8.567,6.250,4.580,4.526,4.688,4.795,4.526,5.172,6.035,7.166,NA,NA,NA,NA,NA,NA,NA,NA,NA,NA,NA,NA,NA,NA,NA
Galeomorphii,Carcharhiniformes,Sphyrnidae,Sphyrna,zygaena,2018,Dicken_2018,10.2989/1814232X.2018.1470031,other,nCPUE,individual,month,NA,km.net,NA,NA,NA,"gillnet,line","gillnet, drumline",Kwazulu-Natal coast South-Africa,Indian,IUCN Pelagic sharks and rays - Dallas Nov 2018,51,NA,51,Y,-30.1,31.2,Indian,Y,N,p162f3,Observed,,,,,The CPUE value for 1980 (3.79) was excluded from the Red List assessment (see rationale),NA,NA,NA,NA,NA,NA,NA,NA,NA,NA,NA,NA,NA,NA,NA,NA,NA,NA,NA,NA,NA,NA,NA,NA,NA,NA,NA,NA,NA,NA,NA,NA,NA,NA,NA,NA,NA,NA,NA,NA,NA,NA,NA,NA,NA,NA,NA,NA,NA,NA,NA,NA,NA,NA,NA,NA,NA,NA,NA,NA,NA,NA,NA,NA,NA,NA,NA,NA,NA,NA,NA,NA,NA,NA,NA,NA,NA,NA,0.444,1.017,3.790,0.494,0.105,0.660,0.888,0.866,0.990,0.657,0.557,0.373,1.059,0.879,1.040,1.717,2.361,2.792,0.694,0.694,0.794,0.708,1.002,0.852,0.960,2.185,1.668,1.101,0.523,0.279,0.693,0.423,0.651,0.503,0.670,0.539,0.836,NA,NA,NA,NA,NA,NA
Galeomorphii,Lamniformes,Alopiidae,Alopias,pelagicus,unpubl,Romanov_unpubl1,"Alopias pelagicus unpubl. data from Southern Scientific Research Institute of Marine Fisheries and Oceanography, Kerch, Crimea, compiled by E. Romanov",fishery_independent,nCPUE,individual,NA,NA,1000hook,NA,NA,NA,longline,NA,Western Indian Ocean,Indian,IUCN Pelagic sharks and rays - Dallas Nov 2018,"19,20,22","16,18",51,N,0,60,Indian,N,N,NA,NA,,,,,,NA,NA,NA,NA,NA,NA,NA,NA,NA,NA,NA,NA,NA,NA,NA,NA,NA,NA,NA,NA,NA,NA,NA,NA,NA,NA,NA,NA,NA,NA,NA,NA,NA,NA,NA,NA,NA,NA,NA,NA,NA,NA,NA,NA,NA,NA,NA,NA,NA,NA,NA,NA,NA,NA,NA,NA,NA,NA,NA,NA,NA,NA,NA,NA,NA,NA,NA,0.004,0.056,0.031,0.014,NA,0.016,NA,NA,NA,NA,0.010,0.011,0.027,NA,0.019,NA,0.019,0.004,0.003,NA,0.005,NA,NA,NA,NA,NA,NA,NA,NA,NA,NA,NA,NA,NA,NA,NA,NA,NA,NA,NA,NA,NA,NA,NA,NA,NA,NA,NA,NA,NA,NA,NA,NA,NA
Galeomorphii,Lamniformes,Alopiidae,Alopias,"superciliosus,vulpinus,pelagicus",2015,Rice_2015,10.13140/RG.2.1.3369.0321,fishery_independent,sCPUE,individual,NA,NA,1000hook,NA,NA,GLM,longline,NA,Pacific,Pacific,IUCN Pelagic sharks and rays - Dallas Nov 2018,"29,31,32,35,36,37,38,39,40,41,53,54,55,56","9,15,20,22,36","57,61,71,81,77",Y,-10,-170,Pacific,Y,Y,p90f43,blue,,,,,"Time-series represents group: Alopias superciliosus, A. vulpinus, A. pelagicus. Used for A. pelagicus in Pacific; IUCN Pelagic sharks and rays - Dallas Nov 2018",NA,NA,NA,NA,NA,NA,NA,NA,NA,NA,NA,NA,NA,NA,NA,NA,NA,NA,NA,NA,NA,NA,NA,NA,NA,NA,NA,NA,NA,NA,NA,NA,NA,NA,NA,NA,NA,NA,NA,NA,NA,NA,NA,NA,NA,NA,NA,NA,NA,NA,NA,NA,NA,NA,NA,NA,NA,NA,NA,NA,NA,NA,NA,NA,NA,NA,NA,NA,NA,NA,NA,NA,NA,NA,NA,NA,NA,NA,NA,NA,NA,NA,NA,NA,NA,NA,NA,NA,NA,NA,NA,NA,NA,NA,NA,NA,-0.175,-0.081,0.422,0.570,0.428,0.794,0.629,0.244,0.286,-0.122,0.156,0.333,0.274,0.126,0.191,0.274,-0.134,-0.264,-1.133,NA,NA,NA,NA,NA,NA
Galeomorphii,Lamniformes,Alopiidae,Alopias,superciliosus,unpubl,Romanov_unpubl2,"Alopias superciliosus unpubl. data from Southern Scientific Research Institute of Marine Fisheries and Oceanography, Kerch, Crimea, compiled by E. Romanov",fishery_independent,nCPUE,individual,NA,NA,1000hook,NA,NA,NA,longline,NA,Western Indian Ocean,Indian,IUCN Pelagic sharks and rays - Dallas Nov 2018,"19,20,22","16,18",51,N,0,60,Indian,N,N,NA,NA,,,,,,NA,NA,NA,NA,NA,NA,NA,NA,NA,NA,NA,NA,NA,NA,NA,NA,NA,NA,NA,NA,NA,NA,NA,NA,NA,NA,NA,NA,NA,NA,NA,NA,NA,NA,NA,NA,NA,NA,NA,NA,NA,NA,NA,NA,NA,NA,NA,NA,NA,NA,NA,NA,NA,NA,NA,NA,NA,NA,NA,NA,NA,NA,NA,NA,NA,NA,0.003,NA,0.045,0.042,0.014,NA,0.023,NA,NA,NA,NA,NA,NA,0.002,0.007,0.005,0.005,0.003,0.005,0.019,0.003,NA,NA,NA,NA,NA,NA,NA,NA,NA,NA,NA,NA,NA,NA,NA,NA,NA,NA,NA,NA,NA,NA,NA,NA,NA,NA,NA,NA,NA,NA,NA,NA,NA,NA
Galeomorphii,Lamniformes,Alopiidae,Alopias,superciliosus,2018,Fu_2018,"Fu, D., M. J. Roux, C. Shelley, M. Francis, A. Dunn, and S. Hoyle. 2018. Pacific-wide sustainability risk assessment of bigeye thresher shark (Alopias superciliosus). Western and Central Pacific Fisheries Commission, Wellington, New Zealand.",fishery_independent,sCPUE,individual,NA,NA,1000hook,NA,NA,NA,longline,observer,Central northern Pacific,"North Pacific, South Pacific",IUCN Pelagic sharks and rays - Dallas Nov 2018,"37,39","5,9,15",77,Y,20,-157,Pacific,N,Y,p45t6,NA,,,,,,NA,NA,NA,NA,NA,NA,NA,NA,NA,NA,NA,NA,NA,NA,NA,NA,NA,NA,NA,NA,NA,NA,NA,NA,NA,NA,NA,NA,NA,NA,NA,NA,NA,NA,NA,NA,NA,NA,NA,NA,NA,NA,NA,NA,NA,NA,NA,NA,NA,NA,NA,NA,NA,NA,NA,NA,NA,NA,NA,NA,NA,NA,NA,NA,NA,NA,NA,NA,NA,NA,NA,NA,NA,NA,NA,NA,NA,NA,NA,NA,NA,NA,NA,NA,NA,NA,NA,NA,NA,NA,NA,NA,NA,NA,NA,0.166,0.326,0.259,0.236,0.156,0.136,0.139,0.163,0.142,0.183,0.166,0.206,0.156,0.181,0.199,0.178,0.162,0.200,0.205,0.303,NA,NA,NA,NA,NA,NA
Galeomorphii,Lamniformes,Alopiidae,Alopias,superciliosus,2016,Young_2016a,Young et al. 2016. Status review report: common thresher shark (Alopias vulpinus) and bigeye thresher shark (Alopias superciliosus). ,fishery_independent,sCPUE,individual,NA,NA,1000hook,divided by 1 st year,NA,delta lognormal GLM,longline,NA,West Atlantic,North Atlantic,IUCN Pelagic sharks and rays - Dallas Nov 2018,"5,6,12","8, 26, 28, 31,32","21,31, 41",N,27,-68,Atlantic,Y,Y,p79f41,bottom panel,,,,,,NA,NA,NA,NA,NA,NA,NA,NA,NA,NA,NA,NA,NA,NA,NA,NA,NA,NA,NA,NA,NA,NA,NA,NA,NA,NA,NA,NA,NA,NA,NA,NA,NA,NA,NA,NA,NA,NA,NA,NA,NA,NA,NA,NA,NA,NA,NA,NA,NA,NA,NA,NA,NA,NA,NA,NA,NA,NA,NA,NA,NA,NA,NA,NA,NA,NA,NA,NA,NA,NA,NA,NA,NA,NA,NA,NA,NA,NA,NA,NA,NA,NA,NA,NA,NA,NA,NA,NA,NA,NA,NA,NA,1.000,0.675,0.302,0.570,0.687,0.465,0.432,0.573,0.744,0.311,0.587,0.281,0.346,0.623,0.636,0.334,0.590,0.393,0.367,0.341,0.384,0.293,NA,NA,NA,NA,NA,NA,NA
Galeomorphii,Lamniformes,Alopiidae,Alopias,vulpinus,2016,Teo_2016,10.7289/V5/TM-SWFSC-557,fisheries,nCPUE,individual,hoursoak,NA,kmnet,NA,NA,NA,gillnet,NA,California,North Pacific,IUCN Pelagic sharks and rays - Dallas Nov 2018,"10,11",5,"67,77",Y,39,-124.75,Pacific,Y,N,p135fA2,Bottom panel,,,,,,NA,NA,NA,NA,NA,NA,NA,NA,NA,NA,NA,NA,NA,NA,NA,NA,NA,NA,NA,NA,NA,NA,NA,NA,NA,NA,NA,NA,NA,NA,NA,NA,NA,NA,NA,NA,NA,NA,NA,NA,NA,NA,NA,NA,NA,NA,NA,NA,NA,NA,NA,NA,NA,NA,NA,NA,NA,NA,NA,NA,NA,NA,NA,NA,NA,NA,NA,NA,NA,NA,NA,NA,NA,NA,NA,NA,NA,NA,NA,NA,NA,0.102,0.052,0.034,0.035,0.019,0.004,0.018,0.034,0.039,0.037,0.030,0.014,0.020,0.037,0.042,0.048,0.023,0.052,0.039,0.060,0.093,0.052,0.052,0.034,0.108,0.033,0.127,0.057,0.031,0.088,0.068,0.032,0.045,NA,NA,NA,NA,NA,NA,NA
Galeomorphii,Lamniformes,Alopiidae,Alopias,vulpinus,2016,Young_2016a,Young et al. 2016. Status review report: common thresher shark (Alopias vulpinus) and bigeye thresher shark (Alopias superciliosus). ,fishery_independent,sCPUE,individual,NA,NA,1000hook,divided by 1 st year,NA,delta lognormal GLM,longline,NA,West Atlantic,North Atlantic,IUCN Pelagic sharks and rays - Dallas Nov 2018,"5,6,12","8, 26, 28, 31,32","21,31, 41",N,27,-68,Atlantic,Y,Y,p79f41,top panel,,,,,,NA,NA,NA,NA,NA,NA,NA,NA,NA,NA,NA,NA,NA,NA,NA,NA,NA,NA,NA,NA,NA,NA,NA,NA,NA,NA,NA,NA,NA,NA,NA,NA,NA,NA,NA,NA,NA,NA,NA,NA,NA,NA,NA,NA,NA,NA,NA,NA,NA,NA,NA,NA,NA,NA,NA,NA,NA,NA,NA,NA,NA,NA,NA,NA,NA,NA,NA,NA,NA,NA,NA,NA,NA,NA,NA,NA,NA,NA,NA,NA,NA,NA,NA,NA,NA,NA,NA,NA,NA,NA,NA,NA,1.000,0.774,0.240,0.091,0.002,0.011,0.001,0.020,0.484,0.059,0.058,0.117,0.433,0.344,0.165,0.214,0.243,0.065,0.084,0.202,0.162,0.043,NA,NA,NA,NA,NA,NA,NA
Galeomorphii,Lamniformes,Lamnidae,Carcharodon,carcharias,2006,Dudley_2006,10.1071/MF05156,other,sCPUE,individual,NA,km,net,NA,NA,NA,bather_protection_net,midwater,Kwazulu-Natal coast South-Africa,Indian,IUCN Pelagic sharks and rays - Dallas Nov 2018,51,NA,51,N,-29,33,Indian,Y,N,p231f2,Carcharodon_carcharias,7,231,Dudley_2006_WhiteShark.png,Dudley_2006_WhiteShark.txt,,NA,NA,NA,NA,NA,NA,NA,NA,NA,NA,NA,NA,NA,NA,NA,NA,NA,NA,NA,NA,NA,NA,NA,NA,NA,NA,NA,NA,NA,NA,NA,NA,NA,NA,NA,NA,NA,NA,NA,NA,NA,NA,NA,NA,NA,NA,NA,NA,NA,NA,NA,NA,NA,NA,NA,NA,NA,NA,NA,NA,NA,NA,NA,NA,NA,NA,NA,NA,NA,NA,NA,NA,NA,NA,NA,NA,NA,NA,1.327,0.936,0.558,0.733,0.416,0.315,1.298,0.773,0.604,0.664,0.664,0.899,0.616,0.515,0.569,0.777,1.026,0.911,0.783,0.608,0.102,1.018,0.553,0.620,0.842,1.306,NA,NA,NA,NA,NA,NA,NA,NA,NA,NA,NA,NA,NA,NA,NA,NA,NA
Galeomorphii,Lamniformes,Lamnidae,Carcharodon,carcharias,2011,Reid_2011,10.1071/MF10162,other,nCPUE,individual,day,NA,100net,NA,NA,loess_smoothing,bather_protection_net,"net, large mesh (>50cm)",New South Wales coast Australia,South Pacific,IUCN Pelagic sharks and rays - Dallas Nov 2018,"55,56",NA,81,Y,-33.6,151.4,Pacific,Y,N,p683f5,solid,8,683,Reid_2011_WhiteShark,Reid_2011_WhiteShark.txt,,NA,NA,NA,NA,NA,NA,NA,NA,NA,NA,NA,NA,NA,NA,NA,NA,NA,NA,NA,NA,NA,NA,NA,NA,NA,NA,NA,NA,NA,NA,NA,NA,NA,NA,NA,NA,NA,NA,NA,NA,NA,NA,NA,NA,NA,NA,NA,NA,NA,NA,0.150,0.268,0.322,0.350,0.230,0.303,0.298,0.165,0.271,0.257,0.166,0.162,0.170,0.224,0.140,0.176,0.223,0.196,0.183,0.119,0.237,0.110,0.328,0.220,0.343,0.217,0.137,0.247,0.046,0.095,0.046,0.039,0.087,0.062,0.072,0.060,0.154,0.051,0.065,0.050,0.000,0.062,0.022,0.083,0.082,0.070,0.034,0.035,0.035,0.094,0.034,0.070,0.070,0.058,0.117,0.093,0.118,0.082,0.094,0.058,NA,NA,NA,NA,NA,NA,NA,NA,NA,NA,NA
Galeomorphii,Lamniformes,Lamnidae,Carcharodon,carcharias,2014,Curtis_2014,10.1371/journal.pone.0099240,"fisheries, fishery_independent, other",standardized_abundance,individual,NA,NA,NA,NA,NA,hierarchical Bayesian framework,"longline, line",NA,Northwest Atlantic,North Atlantic,IUCN Pelagic sharks and rays - Dallas Nov 2018,"1, 5, 6, 12","26,28,31,32","21,31",Y,35.5,-75,Atlantic,Y,Y,p9f10A,black line,,,,,,NA,NA,NA,NA,NA,NA,NA,NA,NA,NA,NA,NA,NA,NA,NA,NA,NA,NA,NA,NA,NA,NA,NA,NA,NA,NA,NA,NA,NA,NA,NA,NA,NA,NA,NA,NA,NA,NA,NA,NA,NA,NA,NA,NA,NA,NA,NA,NA,NA,NA,NA,NA,NA,NA,NA,NA,NA,NA,NA,NA,NA,1.547,1.343,1.372,1.069,0.868,2.054,1.215,1.415,1.128,2.044,2.272,1.121,0.981,2.058,0.992,1.600,1.123,0.387,0.421,0.450,0.324,0.421,0.423,0.322,0.608,1.128,0.804,0.262,0.217,1.122,1.128,0.384,1.125,1.124,0.612,0.374,1.129,0.768,1.501,1.128,1.291,1.123,0.788,1.130,0.640,1.125,1.124,0.784,0.562,1.071,NA,NA,NA,NA,NA,NA,NA,NA,NA,NA
Galeomorphii,Lamniformes,Lamnidae,Carcharodon,carcharias,2014,Curtis_2014,10.1371/journal.pone.0099240,other,standardized_abundance,individual,NA,NA,NA,NA,NA,series_of_GLM_poisson,sighting,NA,Northwest Atlantic,North Atlantic,IUCN Pelagic sharks and rays - Dallas Nov 2018,"5,6",28,21,Y,35.5,-75,Atlantic,Y,Y,p9f10B,dots,,,,,,NA,NA,NA,NA,NA,NA,NA,NA,NA,NA,NA,NA,NA,NA,NA,NA,NA,NA,NA,NA,NA,NA,NA,NA,NA,NA,NA,NA,NA,NA,NA,NA,NA,NA,NA,NA,NA,NA,NA,NA,NA,NA,NA,NA,NA,NA,NA,NA,NA,NA,NA,NA,NA,NA,NA,NA,NA,NA,NA,NA,NA,0.650,0.712,0.728,0.692,0.541,0.561,0.476,0.508,0.496,0.532,0.522,0.447,0.514,0.522,0.443,0.381,0.293,0.273,0.278,0.245,0.189,0.167,0.136,0.091,0.086,0.088,0.076,0.087,0.091,0.096,0.113,0.147,0.129,0.146,0.105,0.109,0.102,0.122,0.121,0.108,0.110,0.169,0.257,0.398,0.499,0.539,0.680,0.944,NA,NA,NA,NA,NA,NA,NA,NA,NA,NA,NA,NA
Galeomorphii,Lamniformes,Lamnidae,Carcharodon,carcharias,2013,Dewar_2013,"Dewar, H., Eguchi, T., Hyde, J., Kinzey, D. H., Kohin, S., Moore, J., ... & Vetter, R. (2013). Status review of the northeastern Pacific population of white sharks (Carcharodon carcharias) under the Endangered Species Act.",fisheries,nCPUE,individual,NA,NA,NA,NA,NA,NA,gillnet,NA,south west coast of California,North Pacific,IUCN Pelagic sharks and rays - Dallas Nov 2018,10,5,77,Y,36.2,-122,Pacific,Y,Y,p63f4.5,blue dots,,,,,,NA,NA,NA,NA,NA,NA,NA,NA,NA,NA,NA,NA,NA,NA,NA,NA,NA,NA,NA,NA,NA,NA,NA,NA,NA,NA,NA,NA,NA,NA,NA,NA,NA,NA,NA,NA,NA,NA,NA,NA,NA,NA,NA,NA,NA,NA,NA,NA,NA,NA,NA,NA,NA,NA,NA,NA,NA,NA,NA,NA,NA,NA,NA,NA,NA,NA,NA,NA,NA,NA,NA,NA,NA,NA,NA,NA,NA,NA,NA,NA,0.001,0.000,0.001,0.001,0.000,0.001,0.000,0.000,0.000,0.000,0.000,0.000,0.000,0.000,0.000,0.000,0.000,0.001,0.000,0.001,0.001,0.001,0.001,0.001,0.001,0.004,0.001,0.004,0.005,0.006,0.000,NA,NA,NA,NA,NA,NA,NA,NA,NA,NA
Galeomorphii,Lamniformes,Lamnidae,Isurus,oxyrinchus,2018,Brunel_2018,"Brunel, T., R. Coelho, G. Merino, J. Ortiz de Urbina, D. Rosa, C. Santos, H. Murua, P. Bach, S. Saber, and D. Macias. 2018. A preliminary stock assessment for the shortfin mako shark in the Indian Ocean using data-limited approaches.",stock_assessment,standardized_biomass,NA,NA,NA,NA,B/BMSY,NA,catch-only-model,multiple,NA,Indian Ocean,Indian,IUCN Pelagic sharks and rays - Dallas Nov 2018,NA,"4,16,18,21","51,57",N,-22,77,Indian,Y,Y,p14f6,panel B,,,,,,NA,NA,NA,NA,NA,NA,NA,NA,NA,NA,NA,NA,NA,NA,NA,NA,NA,NA,NA,NA,NA,NA,NA,NA,NA,NA,NA,NA,NA,NA,NA,NA,NA,NA,NA,NA,NA,NA,NA,NA,NA,NA,NA,NA,NA,NA,NA,NA,NA,NA,NA,NA,NA,NA,NA,NA,NA,NA,NA,NA,NA,NA,NA,NA,NA,NA,NA,NA,NA,NA,NA,1.591,1.590,1.597,1.597,1.598,1.607,1.605,1.596,1.597,1.596,1.593,1.588,1.588,1.588,1.588,1.587,1.584,1.578,1.580,1.569,1.561,1.545,1.538,1.523,1.507,1.483,1.468,1.451,1.425,1.406,1.391,1.367,1.343,1.326,1.307,1.274,1.244,1.219,1.196,1.169,1.150,1.135,1.103,1.073,1.041,NA,NA,NA,NA,NA
Galeomorphii,Lamniformes,Lamnidae,Isurus,oxyrinchus,2014,Francis_2014,"Francis, M. P., Clarke, S. C., Griggs, L. H., & Hoyle, S. D. (2015). Indicator based analysis of the status of New Zealand blue, mako and porbeagle sharks. New Zealand Fisheries Assessment Report 2014/69. 109 p.",fishery_independent,sCPUE,individual,NA,NA,1000hook,NA,NA,negative_binomial_model,longline,NA,New-Zealand EEZ,South Pacific,IUCN Pelagic sharks and rays - Dallas Nov 2018,53.54,"20,22,36",81,Y,-39,173,Pacific,Y,Y,p43f25,rigth panel,,,,,,NA,NA,NA,NA,NA,NA,NA,NA,NA,NA,NA,NA,NA,NA,NA,NA,NA,NA,NA,NA,NA,NA,NA,NA,NA,NA,NA,NA,NA,NA,NA,NA,NA,NA,NA,NA,NA,NA,NA,NA,NA,NA,NA,NA,NA,NA,NA,NA,NA,NA,NA,NA,NA,NA,NA,NA,NA,NA,NA,NA,NA,NA,NA,NA,NA,NA,NA,NA,NA,NA,NA,NA,NA,NA,NA,NA,NA,NA,NA,NA,NA,NA,NA,NA,NA,NA,NA,NA,NA,NA,NA,NA,NA,NA,NA,0.137,0.109,0.079,0.064,0.119,0.068,0.071,0.058,0.058,0.065,0.091,0.073,0.087,0.095,0.091,0.112,0.148,0.104,0.111,NA,NA,NA,NA,NA,NA,NA
Galeomorphii,Lamniformes,Lamnidae,Isurus,oxyrinchus,2019,ICCAT_2019,International Commission for the Conservation of Atlantic Tunas (ICCAT). 2019. Shortfin Mako Stock Assessment Update Meeting,stock_assessment,standardized_abundance,1000individual,NA,NA,NA,NA,SSF,surplus_production,multiple,NA,Atlantic,NA,NA,NA,"8,23,25,26,28,29,31,32,33,36","21,27,31,34,41,47",N,13.5,-38,Atlantic,N,N,NA,NA,,,,,,NA,NA,NA,NA,NA,NA,NA,NA,NA,NA,NA,NA,NA,NA,NA,NA,NA,NA,NA,NA,NA,NA,NA,NA,NA,NA,NA,NA,NA,NA,NA,NA,NA,NA,NA,NA,NA,NA,NA,NA,NA,NA,NA,NA,NA,NA,NA,NA,NA,NA,NA,1128.530,1128.510,1128.490,1128.460,1128.440,1128.410,1128.380,1128.320,1128.230,1128.120,1127.970,1127.740,1127.440,1127.110,1126.690,1126.230,1125.690,1125.120,1124.520,1123.890,1123.250,1122.540,1121.790,1120.960,1120.010,1118.930,1117.810,1116.510,1115.080,1113.490,1111.680,1109.510,1107.060,1104.410,1101.460,1097.580,1093.370,1088.980,1084.330,1079.510,1074.110,1068.080,1060.940,1052.380,1042.740,1030.940,1017.310,1002.730,986.320,968.580,949.256,928.098,904.921,879.835,852.938,824.660,795.243,764.722,733.901,702.712,671.815,641.911,612.866,585.488,560.276,537.191,516.489,498.484,NA,NA
Galeomorphii,Lamniformes,Lamnidae,Isurus,oxyrinchus,2018,ISC_2018,"ISC Shark Working Group. 2018. Stock Assessment of Shortfin Mako Shark (Isurus oxyrinchus) in the Pacific Ocean Through 2016. Page 118. WCPFC Northern Committee 14th Regular Session. WCPFCNC14- 2018/IP-06, Fukuoka, Japan.",stock_assessment,standardized_abundance,individual,NA,NA,NA,NA,female_spawning_biomass,stock_synthesis,multiple,NA,North Pacific,North Pacific,IUCN Pelagic sharks and rays - Dallas Nov 2018,"29,30,31,37,38,39","9,14,15","61,71,77",Y,0,175,Pacific,N,Y,p63t7,spawning abundance,,,,,,NA,NA,NA,NA,NA,NA,NA,NA,NA,NA,NA,NA,NA,NA,NA,NA,NA,NA,NA,NA,NA,NA,NA,NA,NA,NA,NA,NA,NA,NA,NA,NA,NA,NA,NA,NA,NA,NA,NA,NA,NA,NA,NA,NA,NA,NA,NA,NA,NA,NA,NA,NA,NA,NA,NA,NA,NA,NA,NA,NA,NA,NA,NA,NA,NA,NA,NA,NA,NA,NA,NA,NA,NA,NA,NA,1031.300,1031.400,1031.300,1030.800,1030.200,1028.800,1026.300,1022.200,1017.400,1011.000,1002.800,991.900,978.900,963.100,945.600,927.700,910.100,893.000,876.700,861.500,848.200,837.700,830.600,827.100,826.700,828.300,831.000,833.900,837.100,840.000,842.500,844.800,847.300,850.400,853.700,856.800,858.900,860.000,860.400,860.300,859.900,860.200,NA,NA,NA,NA
Galeomorphii,Lamniformes,Lamnidae,Isurus,paucus,unpubl,Carlson_unpubl5,"Isurus paucus unpubl. data from US pelagic fisheries, compiled by John K. Carlson",fishery_independent,sCPUE,individual,NA,NA,1000hook,NA,NA,GLM_delta,longline,bottom,"USA northwest Atlantic, Gulf of Mexico, Bahamas",North Atlantic,IUCN Pelagic sharks and rays - Dallas Nov 2018,"5,6,12","26, 28, 31","21,31",N,38.8,-79.5,Atlantic,N,Y,NA,NA,,,,,,NA,NA,NA,NA,NA,NA,NA,NA,NA,NA,NA,NA,NA,NA,NA,NA,NA,NA,NA,NA,NA,NA,NA,NA,NA,NA,NA,NA,NA,NA,NA,NA,NA,NA,NA,NA,NA,NA,NA,NA,NA,NA,NA,NA,NA,NA,NA,NA,NA,NA,NA,NA,NA,NA,NA,NA,NA,NA,NA,NA,NA,NA,NA,NA,NA,NA,NA,NA,NA,NA,NA,NA,NA,NA,NA,NA,NA,NA,NA,NA,NA,NA,NA,NA,NA,NA,NA,NA,NA,NA,NA,NA,0.059,0.039,0.046,0.030,0.024,0.016,0.031,0.036,0.056,0.033,0.050,0.073,0.082,0.080,0.054,0.034,0.053,0.048,0.036,0.049,0.064,0.053,0.024,0.016,NA,NA,NA,NA,NA
Galeomorphii,Lamniformes,Lamnidae,Lamna,nasus,2013,Campana_2013,"Campana, S. E., A. J. F. Gibson, M. Fowler, A. Dorey, and W. Joyce. 2013. Population dynamics of Northwest Atlantic porbeagle (Lamna nasus), with an assessment of status and projections for recovery. Fisheries and Oceans Canada, Science.",stock_assessment,standardized_abundance,individual,NA,NA,NA,NA,female_spawning_biomass,age_sex_structured_population,multiple,NA,Northwest Atlantic,North Atlantic,IUCN Pelagic sharks and rays - Dallas Nov 2018,"1,5","2,28,31",21,Y,45,-59,Atlantic,N,N,p38t12,"Model 1, SSN",,,,,,NA,NA,NA,NA,NA,NA,NA,NA,NA,NA,NA,NA,NA,NA,NA,NA,NA,NA,NA,NA,NA,NA,NA,NA,NA,NA,NA,NA,NA,NA,NA,NA,NA,NA,NA,NA,NA,NA,NA,NA,NA,NA,NA,NA,NA,NA,NA,NA,NA,NA,NA,NA,NA,NA,NA,NA,NA,NA,NA,NA,NA,71858.000,70398.000,67657.000,61379.000,51009.000,41668.000,34701.000,29639.000,24867.000,20788.000,17439.000,14790.000,12712.000,11235.000,10530.000,10728.000,11842.000,13729.000,16112.000,18450.000,20482.000,22153.000,23350.000,23954.000,24089.000,23751.000,23113.000,22309.000,21605.000,21102.000,20935.000,20342.000,19223.000,18404.000,17648.000,16487.000,15511.000,14305.000,13120.000,12136.000,10999.000,10239.000,9735.000,9477.000,9422.000,9590.000,9973.000,10560.000,11339.000,NA,NA,NA,NA,NA,NA,NA,NA,NA,NA,NA
Galeomorphii,Lamniformes,Lamnidae,Lamna,nasus,2017,Hoyle_2017,"Hoyle, S. D., C. T. T. Edwards, M. J. Roux, S. C. Clarke, and M. P. Francis. 2017. Southern Hemisphere Porbeagle Shark (Lamna nasus) Stock Status Assessment. Page 65. Rarotonga, Cook Islands.",stock_assessment,sCPUE,individual,NA,NA,set,NA,NA,"biomass dynamic, state-space model",multiple,NA,"South Atlantic, South Pacific and Indian Ocean","South Atlantic, South Pacific and Indian Ocean",IUCN Pelagic sharks and rays - Dallas Nov 2018,NA,"4,10,13,20,21,22,23,29,33,34,35,36,37","41,47,48,51,57,58,81,87",Y,-40,42,Atlantic,N,Y,p39f20,middle panel; black line,,,,,,NA,NA,NA,NA,NA,NA,NA,NA,NA,NA,NA,NA,NA,NA,NA,NA,NA,NA,NA,NA,NA,NA,NA,NA,NA,NA,NA,NA,NA,NA,NA,NA,NA,NA,NA,NA,NA,NA,NA,NA,NA,NA,NA,NA,NA,NA,NA,NA,NA,NA,NA,NA,NA,NA,NA,NA,NA,NA,NA,NA,NA,NA,0.8934,0.8893,0.8893,0.8893,0.8893,0.8811,0.8811,0.8811,0.8648,0.8607,0.8525,0.8484,0.8401,0.8319,0.8319,0.8237,0.8155,0.8074,0.7951,0.791,0.7746,0.7705,0.7664,0.7541,0.7459,0.7377,0.7336,0.7254,0.7213,0.7172,0.709,0.7008,0.6966,0.6885,0.6803,0.6721,0.6885,0.7213,0.7377,0.7459,0.7623,0.7869,0.8197,0.8443,0.877,0.8934,0.9344,0.9262,0.8689,0.8361,0.8115,0.7705,0.7623,0.7541,NA,NA,NA,NA,NA
Galeomorphii,Lamniformes,Lamnidae,Lamna,nasus,2009,ICCAT_2009,"International Commission for the Conservation of Atlantic Tunas (ICCAT). 2009. Report of the 2009 Porbeagle stock assessments meeting. Copenhagen, Denmark, June 22 to 27, 2009.",stock_assessment,standardized_biomass,ton,NA,NA,NA,NA,NA,surplus production model,multiple,NA,Northeast Atlantic,North Atlantic,IUCN Pelagic sharks and rays - Dallas Nov 2018,"1,5,12","2,28,31,32","21,31",Y,40,-60,Atlantic,Y,N,NA,NA,,,,,data are E. Cortes pers. comm. 2019,NA,NA,NA,NA,NA,NA,NA,NA,NA,NA,NA,NA,NA,NA,NA,NA,NA,NA,NA,NA,NA,NA,NA,NA,NA,NA,55997.000,55851.000,55507.000,54949.000,53973.000,52966.000,51847.000,49463.000,46110.000,43826.000,42285.000,40314.000,38212.000,36476.000,36059.000,36638.000,37111.000,37507.000,37924.000,38020.000,37784.000,36572.000,34969.000,34182.000,32722.000,30717.000,29249.000,27991.000,26996.000,26167.000,25482.000,24721.000,23457.000,21869.000,19994.000,18448.000,17826.000,17862.000,18176.000,18416.000,18657.000,18822.000,18861.000,18647.000,18581.000,18432.000,17697.000,17067.000,16905.000,16596.000,16096.000,15719.000,15437.000,14912.000,14268.000,13704.000,13606.000,13529.000,13380.000,13437.000,13537.000,13671.000,13790.000,13878.000,13883.000,13879.000,13922.000,13771.000,13423.000,13058.000,12967.000,13087.000,13201.000,13356.000,13403.000,13483.000,13518.000,13585.000,13629.000,13700.000,13974.000,14240.000,14417.000,14787.000,NA,NA,NA,NA,NA,NA,NA,NA,NA,NA,NA
Galeomorphii,Lamniformes,Lamnidae,Lamna,nasus,2009,ICCAT_2009,"International Commission for the Conservation of Atlantic Tunas (ICCAT). 2009. Report of the 2009 Porbeagle stock assessments meeting. Copenhagen, Denmark, June 22 to 27, 2009.",stock_assessment,standardized_biomass,ton,NA,NA,NA,NA,NA,surplus production model,multiple,NA,Northwest Atlantic,North Atlantic,IUCN Pelagic sharks and rays - Dallas Nov 2018,"1,2,3,4","2,25,30,31","27,34,37",Y,48,-17,Atlantic,Y,N,NA,NA,,,,,data are E. Cortes pers. comm. 2019,NA,NA,NA,NA,NA,NA,NA,NA,NA,NA,NA,NA,NA,NA,NA,NA,NA,NA,NA,NA,NA,NA,NA,NA,NA,NA,NA,NA,NA,NA,NA,NA,NA,NA,NA,NA,NA,NA,NA,NA,NA,NA,NA,NA,NA,NA,NA,NA,NA,NA,NA,NA,NA,NA,NA,NA,NA,NA,NA,NA,NA,41357.000,39067.000,34512.000,27005.000,20315.000,17228.000,16380.000,16099.000,15699.000,15661.000,15920.000,16122.000,16306.000,16680.000,17137.000,17464.000,17683.000,18003.000,18305.000,18465.000,18590.000,18830.000,19105.000,19389.000,19706.000,19969.000,20128.000,20203.000,20215.000,20158.000,19620.000,18440.000,17435.000,16541.000,15481.000,14710.000,13931.000,13152.000,12573.000,12064.000,11779.000,11827.000,12054.000,12280.000,12502.000,12747.000,13045.000,13456.000,13909.000,NA,NA,NA,NA,NA,NA,NA,NA,NA,NA,NA
Batoidea,Myliobatiformes,Dasyatidae,Pteroplatytrygon,violacea,unpubl,Carlson_unpubl11,"Pteroplatytrygon violacea unpubl. data from US pelagic fisheries, compiled by John K. Carlson",fishery_independent,sCPUE,individual,NA,NA,1000hook,NA,NA,GLM_delta,longline,bottom,"USA northwest Atlantic, Gulf of Mexico, Bahamas",North Atlantic,IUCN Pelagic sharks and rays - Dallas Nov 2018,"5,6,12","26, 28, 31","21,31",N,38.8,-79.5,Atlantic,N,Y,NA,NA,,,,,,NA,NA,NA,NA,NA,NA,NA,NA,NA,NA,NA,NA,NA,NA,NA,NA,NA,NA,NA,NA,NA,NA,NA,NA,NA,NA,NA,NA,NA,NA,NA,NA,NA,NA,NA,NA,NA,NA,NA,NA,NA,NA,NA,NA,NA,NA,NA,NA,NA,NA,NA,NA,NA,NA,NA,NA,NA,NA,NA,NA,NA,NA,NA,NA,NA,NA,NA,NA,NA,NA,NA,NA,NA,NA,NA,NA,NA,NA,NA,NA,NA,NA,NA,NA,NA,NA,NA,NA,NA,NA,NA,NA,NA,NA,NA,NA,NA,NA,NA,NA,NA,NA,NA,NA,1.510,1.484,1.618,1.116,1.134,1.446,1.382,1.087,1.603,1.016,1.004,1.118,NA,NA,NA,NA,NA
Batoidea,Myliobatiformes,Mobulidae,Mobula,alfredi,unpubl,Marshall_unpubl1,"Mobula alfredi unpubl. data from Marine Megafauna Foundation, compiled by Andrea Marshall",fishery_independent,nSPUE,individual,NA,NA,dive,NA,mean,NA,sighting,diving,"South Mozambique, Inhambane region",Indian,IUCN Pelagic sharks and rays - Dallas Nov 2018,20,NA,51,N,-23.85,35.54,Indian,N,Y,NA,NA,,,,,,NA,NA,NA,NA,NA,NA,NA,NA,NA,NA,NA,NA,NA,NA,NA,NA,NA,NA,NA,NA,NA,NA,NA,NA,NA,NA,NA,NA,NA,NA,NA,NA,NA,NA,NA,NA,NA,NA,NA,NA,NA,NA,NA,NA,NA,NA,NA,NA,NA,NA,NA,NA,NA,NA,NA,NA,NA,NA,NA,NA,NA,NA,NA,NA,NA,NA,NA,NA,NA,NA,NA,NA,NA,NA,NA,NA,NA,NA,NA,NA,NA,NA,NA,NA,NA,NA,NA,NA,NA,NA,NA,NA,NA,NA,NA,NA,NA,NA,NA,NA,NA,NA,NA,7.394,5.927,4.713,4.055,1.144,1.760,2.203,1.243,0.581,0.189,0.470,0.326,0.255,0.107,0.746,0.123,NA,NA
Batoidea,Myliobatiformes,Mobulidae,Mobula,birostris,unpubl,Marshall_unpubl2,"Mobula birostris unpubl. data from Marine Megafauna Foundation, compiled by Andrea Marshall",fishery_independent,nSPUE,individual,NA,NA,dive,NA,mean,NA,sighting,diving,"South Mozambique, Inhambane region",Indian,IUCN Pelagic sharks and rays - Dallas Nov 2018,20,NA,51,N,-23.85,35.54,Indian,N,Y,NA,NA,,,,,,NA,NA,NA,NA,NA,NA,NA,NA,NA,NA,NA,NA,NA,NA,NA,NA,NA,NA,NA,NA,NA,NA,NA,NA,NA,NA,NA,NA,NA,NA,NA,NA,NA,NA,NA,NA,NA,NA,NA,NA,NA,NA,NA,NA,NA,NA,NA,NA,NA,NA,NA,NA,NA,NA,NA,NA,NA,NA,NA,NA,NA,NA,NA,NA,NA,NA,NA,NA,NA,NA,NA,NA,NA,NA,NA,NA,NA,NA,NA,NA,NA,NA,NA,NA,NA,NA,NA,NA,NA,NA,NA,NA,NA,NA,NA,NA,NA,NA,NA,NA,NA,NA,NA,0.909,0.281,0.489,0.231,0.344,0.620,1.234,0.264,0.173,0.168,0.182,0.106,0.102,0.091,0.085,0.096,NA,NA
Batoidea,Myliobatiformes,Mobulidae,Mobula,kuhlii,unpubl,Marshall_unpubl3,"Mobula kuhlii unpubl. data from Marine Megafauna Foundation, compiled by Andrea Marshall",fishery_independent,nSPUE,individual,NA,NA,dive,NA,mean,NA,sighting,diving,"South Mozambique, Inhambane region",Indian,IUCN Pelagic sharks and rays - Dallas Nov 2018,20,NA,51,N,-23.85,35.54,Indian,N,Y,NA,NA,,,,,,NA,NA,NA,NA,NA,NA,NA,NA,NA,NA,NA,NA,NA,NA,NA,NA,NA,NA,NA,NA,NA,NA,NA,NA,NA,NA,NA,NA,NA,NA,NA,NA,NA,NA,NA,NA,NA,NA,NA,NA,NA,NA,NA,NA,NA,NA,NA,NA,NA,NA,NA,NA,NA,NA,NA,NA,NA,NA,NA,NA,NA,NA,NA,NA,NA,NA,NA,NA,NA,NA,NA,NA,NA,NA,NA,NA,NA,NA,NA,NA,NA,NA,NA,NA,NA,NA,NA,NA,NA,NA,NA,NA,NA,NA,NA,NA,NA,NA,NA,NA,NA,NA,NA,15.000,9.281,3.043,1.626,0.728,0.420,2.172,0.403,1.479,0.249,0.596,0.617,0.306,0.703,0.801,1.284,NA,NA
